date,time_utc,Q_m3s,station,river,location
2026-05-05,12:05,72.17,51880,Струма,с. Марино поле
2026-05-06,09:56,68.345,51880,Струма,с. Марино поле
2026-05-07,09:05,68.345,51880,Струма,с. Марино поле
2026-05-08,09:05,67.073,51880,Струма,с. Марино поле
2026-05-09,09:05,70.894,51880,Струма,с. Марино поле
2026-05-10,09:05,76.003,51880,Струма,с. Марино поле
2026-05-11,09:05,86.225,51880,Струма,с. Марино поле
2026-05-11,11:45,86.225,51880,Струма,с. Марино поле**
2026-05-11,11:46,86.225,51880,Струма,с. Марино поле**
